{
  "name": "API-Project",
  "version": "1",
  "items": [
    {
      "type": "folder",
      "name": "certificate-service",
      "filename": "certificate-service",
      "examples": [],
      "items": [
        {
          "type": "folder",
          "name": "list-certificate",
          "filename": "list-certificate",
          "examples": [],
          "items": [
            {
              "type": "http",
              "name": "get Certificate by ID-blank",
              "filename": "get Certificate by ID-blank.bru",
              "seq": 5,
              "settings": {},
              "tags": [],
              "examples": [],
              "request": {
                "url": "http://localhost:3003/api/certificates/",
                "method": "GET",
                "headers": [],
                "params": [],
                "body": {
                  "mode": "json",
                  "json": "\n  ",
                  "formUrlEncoded": [],
                  "multipartForm": [],
                  "file": []
                },
                "script": {},
                "vars": {},
                "assertions": [],
                "tests": "",
                "docs": "",
                "auth": {
                  "mode": "none"
                }
              }
            },
            {
              "type": "http",
              "name": "get Certificate by ID-invalid",
              "filename": "get Certificate by ID-invalid.bru",
              "seq": 4,
              "settings": {},
              "tags": [],
              "examples": [],
              "request": {
                "url": "http://localhost:3003/api/certificates/CERT_80B2E175",
                "method": "GET",
                "headers": [],
                "params": [],
                "body": {
                  "mode": "json",
                  "json": "\n  ",
                  "formUrlEncoded": [],
                  "multipartForm": [],
                  "file": []
                },
                "script": {},
                "vars": {},
                "assertions": [],
                "tests": "",
                "docs": "",
                "auth": {
                  "mode": "none"
                }
              }
            },
            {
              "type": "http",
              "name": "get Certificate by ID-trailing",
              "filename": "get Certificate by ID-trailing.bru",
              "seq": 6,
              "settings": {},
              "tags": [],
              "examples": [],
              "request": {
                "url": "http://localhost:3003/api/certificates/ 80B2E175",
                "method": "GET",
                "headers": [],
                "params": [],
                "body": {
                  "mode": "json",
                  "json": "\n  ",
                  "formUrlEncoded": [],
                  "multipartForm": [],
                  "file": []
                },
                "script": {},
                "vars": {},
                "assertions": [],
                "tests": "",
                "docs": "",
                "auth": {
                  "mode": "none"
                }
              }
            },
            {
              "type": "http",
              "name": "get Certificate by ID-valid",
              "filename": "get Certificate by ID-valid.bru",
              "seq": 3,
              "settings": {},
              "tags": [],
              "examples": [],
              "request": {
                "url": "http://localhost:3003/api/certificates/80B2E175",
                "method": "GET",
                "headers": [],
                "params": [],
                "body": {
                  "mode": "json",
                  "json": "\n  ",
                  "formUrlEncoded": [],
                  "multipartForm": [],
                  "file": []
                },
                "script": {},
                "vars": {},
                "assertions": [],
                "tests": "",
                "docs": "",
                "auth": {
                  "mode": "none"
                }
              }
            },
            {
              "type": "http",
              "name": "list Certificate-filtering",
              "filename": "list Certificate-filtering.bru",
              "seq": 2,
              "settings": {},
              "tags": [],
              "examples": [],
              "request": {
                "url": "http://localhost:3003/api/certificates?status=ACTIVE",
                "method": "GET",
                "headers": [],
                "params": [
                  {
                    "name": "status",
                    "value": "ACTIVE",
                    "type": "query",
                    "enabled": true
                  }
                ],
                "body": {
                  "mode": "json",
                  "json": "\n  ",
                  "formUrlEncoded": [],
                  "multipartForm": [],
                  "file": []
                },
                "script": {},
                "vars": {},
                "assertions": [],
                "tests": "",
                "docs": "",
                "auth": {
                  "mode": "none"
                }
              }
            },
            {
              "type": "http",
              "name": "list Certificate-valid",
              "filename": "list Certificate-valid.bru",
              "seq": 1,
              "settings": {},
              "tags": [],
              "examples": [],
              "request": {
                "url": "http://localhost:3003/api/certificates",
                "method": "GET",
                "headers": [],
                "params": [],
                "body": {
                  "mode": "json",
                  "json": "\n  ",
                  "formUrlEncoded": [],
                  "multipartForm": [],
                  "file": []
                },
                "script": {},
                "vars": {},
                "assertions": [],
                "tests": "",
                "docs": "",
                "auth": {
                  "mode": "none"
                }
              }
            }
          ]
        },
        {
          "type": "folder",
          "name": "issue-certificate",
          "filename": "issue-certificate",
          "examples": [],
          "items": [
            {
              "type": "http",
              "name": "issue-certificate-Missing Required Fields",
              "filename": "issue-certificate-Missing Required Fields.bru",
              "seq": 3,
              "settings": {},
              "tags": [],
              "examples": [],
              "request": {
                "url": "http://localhost:3003/api/certificates",
                "method": "POST",
                "headers": [],
                "params": [],
                "body": {
                  "mode": "json",
                  "json": "\n  {\n  \"studentName\": \"John Doe\",\n  \"studentEmail\": \"john.doe@example.com\",\n  \"specialization\": \"Artificial Intelligence\",\n  \"grade\": \"A+\",\n  \"cgpa\": 9.2,\n  \"issueDate\": \"2025-11-20\",\n  \"completionDate\": \"2025-10-15\"\n}\n\n",
                  "formUrlEncoded": [],
                  "multipartForm": [],
                  "file": []
                },
                "script": {},
                "vars": {},
                "assertions": [],
                "tests": "",
                "docs": "",
                "auth": {
                  "mode": "none"
                }
              }
            },
            {
              "type": "http",
              "name": "issue-certificate-cgpa-outofrange",
              "filename": "issue-certificate-cgpa-outofrange.bru",
              "seq": 4,
              "settings": {},
              "tags": [],
              "examples": [],
              "request": {
                "url": "http://localhost:3003/api/certificates",
                "method": "POST",
                "headers": [],
                "params": [],
                "body": {
                  "mode": "json",
                  "json": "\n  {\n  \"studentName\": \"John Doe\",\n  \"studentEmail\": \"john.doe@example.com\",\n  \"courseName\": \"Bachelor of Computer Science\",\n  \"specialization\": \"Artificial Intelligence\",\n  \"grade\": \"A+\",\n  \"cgpa\": 12,\n  \"issueDate\": \"2025-11-20\",\n  \"completionDate\": \"2025-10-15\"\n}\n\n",
                  "formUrlEncoded": [],
                  "multipartForm": [],
                  "file": []
                },
                "script": {},
                "vars": {},
                "assertions": [],
                "tests": "",
                "docs": "",
                "auth": {
                  "mode": "none"
                }
              }
            },
            {
              "type": "http",
              "name": "issue-certificate-completedate_and_issuedate",
              "filename": "issue-certificate-completedate_and_issuedate.bru",
              "seq": 6,
              "settings": {},
              "tags": [],
              "examples": [],
              "request": {
                "url": "http://localhost:3003/api/certificates",
                "method": "POST",
                "headers": [],
                "params": [],
                "body": {
                  "mode": "json",
                  "json": "\n  {\n  \"studentName\": \"John Doe\",\n  \"studentEmail\": \"john.doe@example.com\",\n  \"courseName\": \"Bachelor of Computer Science\",\n  \"specialization\": \"Artificial Intelligence\",\n  \"grade\": \"A+\",\n  \"cgpa\": 9.2,\n  \"issueDate\": \"2025-01-20\",\n  \"completionDate\": \"2025-10-15\"\n}\n\n",
                  "formUrlEncoded": [],
                  "multipartForm": [],
                  "file": []
                },
                "script": {},
                "vars": {},
                "assertions": [],
                "tests": "",
                "docs": "",
                "auth": {
                  "mode": "none"
                }
              }
            },
            {
              "type": "http",
              "name": "issue-certificate-date-format",
              "filename": "issue-certificate-date-format.bru",
              "seq": 5,
              "settings": {},
              "tags": [],
              "examples": [],
              "request": {
                "url": "http://localhost:3003/api/certificates",
                "method": "POST",
                "headers": [],
                "params": [],
                "body": {
                  "mode": "json",
                  "json": "\n  {\n  \"studentName\": \"John Doe\",\n  \"studentEmail\": \"john.doe@example.com\",\n  \"courseName\": \"Bachelor of Computer Science\",\n  \"specialization\": \"Artificial Intelligence\",\n  \"grade\": \"A+\",\n  \"cgpa\": 9.2,\n  \"issueDate\": \"20-11-8787\",\n  \"completionDate\": \"2025-10-15\"\n}\n\n",
                  "formUrlEncoded": [],
                  "multipartForm": [],
                  "file": []
                },
                "script": {},
                "vars": {},
                "assertions": [],
                "tests": "",
                "docs": "",
                "auth": {
                  "mode": "none"
                }
              }
            },
            {
              "type": "http",
              "name": "issue-certificate-wrong-email",
              "filename": "issue-certificate-wrong-email.bru",
              "seq": 2,
              "settings": {},
              "tags": [],
              "examples": [],
              "request": {
                "url": "http://localhost:3003/api/certificates",
                "method": "POST",
                "headers": [],
                "params": [],
                "body": {
                  "mode": "json",
                  "json": "\n  {\n  \"studentName\": \"John Doe\",\n  \"studentEmail\": \"john.doe@com\",\n  \"courseName\": \"Bachelor of Computer Science\",\n  \"specialization\": \"Artificial Intelligence\",\n  \"grade\": \"A+\",\n  \"cgpa\": 9.2,\n  \"issueDate\": \"2025-11-20\",\n  \"completionDate\": \"2025-10-15\"\n}\n\n",
                  "formUrlEncoded": [],
                  "multipartForm": [],
                  "file": []
                },
                "script": {},
                "vars": {},
                "assertions": [],
                "tests": "",
                "docs": "",
                "auth": {
                  "mode": "none"
                }
              }
            },
            {
              "type": "http",
              "name": "issue-certificate",
              "filename": "issue-certificate.bru",
              "seq": 1,
              "settings": {},
              "tags": [],
              "examples": [],
              "request": {
                "url": "http://localhost:3003/api/certificates",
                "method": "POST",
                "headers": [],
                "params": [],
                "body": {
                  "mode": "json",
                  "json": "\n  {\n  \"studentName\": \"John Doe\",\n  \"studentEmail\": \"john.doe@example.com\",\n  \"courseName\": \"Bachelor of Computer Science\",\n  \"specialization\": \"Artificial Intelligence\",\n  \"grade\": \"A+\",\n  \"cgpa\": 9.2,\n  \"issueDate\": \"2025-11-20\",\n  \"completionDate\": \"2025-10-15\"\n}\n\n",
                  "formUrlEncoded": [],
                  "multipartForm": [],
                  "file": []
                },
                "script": {},
                "vars": {},
                "assertions": [],
                "tests": "",
                "docs": "",
                "auth": {
                  "mode": "none"
                }
              }
            }
          ]
        },
        {
          "type": "folder",
          "name": "update-certificate",
          "filename": "update-certificate",
          "examples": [],
          "items": [
            {
              "type": "http",
              "name": "update-cert-invalid-",
              "filename": "update-cert-invalid-.bru",
              "seq": 4,
              "settings": {},
              "tags": [],
              "examples": [],
              "request": {
                "url": "http://localhost:3003/api/certificates",
                "method": "PUT",
                "headers": [],
                "params": [],
                "body": {
                  "mode": "json",
                  "json": "\n  {\n  \"certificateNumber\": \"7A63831D\",\n  \"grade\": \"A+\",\n  \"cgpa\": 9.4,\n  \"specialization\": \"Machine Learning\"\n}\n",
                  "formUrlEncoded": [],
                  "multipartForm": [],
                  "file": []
                },
                "script": {},
                "vars": {},
                "assertions": [],
                "tests": "",
                "docs": "",
                "auth": {
                  "mode": "none"
                }
              }
            },
            {
              "type": "http",
              "name": "update-cert-req-empty-2",
              "filename": "update-cert-req-empty-2.bru",
              "seq": 3,
              "settings": {},
              "tags": [],
              "examples": [],
              "request": {
                "url": "http://localhost:3003/api/certificates",
                "method": "PUT",
                "headers": [],
                "params": [],
                "body": {
                  "mode": "json",
                  "json": "",
                  "formUrlEncoded": [],
                  "multipartForm": [],
                  "file": []
                },
                "script": {},
                "vars": {},
                "assertions": [],
                "tests": "",
                "docs": "",
                "auth": {
                  "mode": "none"
                }
              }
            },
            {
              "type": "http",
              "name": "update-cert-req-empty",
              "filename": "update-cert-req-empty.bru",
              "seq": 2,
              "settings": {},
              "tags": [],
              "examples": [],
              "request": {
                "url": "http://localhost:3003/api/certificates",
                "method": "PUT",
                "headers": [],
                "params": [],
                "body": {
                  "mode": "json",
                  "json": "\n  {\n  \"certificateNumber\": \"7A63831D\"\n}\n",
                  "formUrlEncoded": [],
                  "multipartForm": [],
                  "file": []
                },
                "script": {},
                "vars": {},
                "assertions": [],
                "tests": "",
                "docs": "",
                "auth": {
                  "mode": "none"
                }
              }
            },
            {
              "type": "http",
              "name": "update-cert-valid",
              "filename": "update-cert-valid.bru",
              "seq": 1,
              "settings": {},
              "tags": [],
              "examples": [],
              "request": {
                "url": "http://localhost:3003/api/certificates",
                "method": "PUT",
                "headers": [],
                "params": [],
                "body": {
                  "mode": "json",
                  "json": "\n  {\n  \"certificateNumber\": \"7A63831D\",\n  \"grade\": \"A+\",\n  \"cgpa\": 9.4,\n  \"specialization\": \"Machine Learning\"\n}\n",
                  "formUrlEncoded": [],
                  "multipartForm": [],
                  "file": []
                },
                "script": {},
                "vars": {},
                "assertions": [],
                "tests": "",
                "docs": "",
                "auth": {
                  "mode": "none"
                }
              }
            }
          ]
        },
        {
          "type": "folder",
          "name": "batch-issue",
          "filename": "batch-issue",
          "examples": [],
          "items": [
            {
              "type": "http",
              "name": "batch-issue-certificate-all-onvalid",
              "filename": "batch-issue-certificate-all-onvalid.bru",
              "seq": 5,
              "settings": {},
              "tags": [],
              "examples": [],
              "request": {
                "url": "http://localhost:3003/api/certificates/batch-issue",
                "method": "POST",
                "headers": [],
                "params": [],
                "body": {
                  "mode": "json",
                  "json": "{\n  \"certificates\": [\n    {\n      \"studentName\": \"\",\n      \"studentEmail\": \"john@example.com\",\n      \"courseName\": \"\",\n      \"grade\": \"A\",\n      \"cgpa\": 9.0,\n      \"issueDate\": \"2025-11-21\"\n    },\n    {\n      \"studentName\": \"\",\n      \"studentEmail\": \"invalid-email\",\n      \"courseName\": \"\",\n      \"grade\": \"\",\n      \"cgpa\": 15,\n      \"issueDate\": \"\"\n    }\n  ]\n}\n",
                  "formUrlEncoded": [],
                  "multipartForm": [],
                  "file": []
                },
                "script": {},
                "vars": {},
                "assertions": [],
                "tests": "",
                "docs": "",
                "auth": {
                  "mode": "none"
                }
              }
            },
            {
              "type": "http",
              "name": "batch-issue-certificate-empty",
              "filename": "batch-issue-certificate-empty.bru",
              "seq": 3,
              "settings": {},
              "tags": [],
              "examples": [],
              "request": {
                "url": "http://localhost:3003/api/certificates/batch-issue",
                "method": "POST",
                "headers": [],
                "params": [],
                "body": {
                  "mode": "json",
                  "json": "{\n  \"certificates\": []\n}\n",
                  "formUrlEncoded": [],
                  "multipartForm": [],
                  "file": []
                },
                "script": {},
                "vars": {},
                "assertions": [],
                "tests": "",
                "docs": "",
                "auth": {
                  "mode": "none"
                }
              }
            },
            {
              "type": "http",
              "name": "batch-issue-certificate-invalid",
              "filename": "batch-issue-certificate-invalid.bru",
              "seq": 4,
              "settings": {},
              "tags": [],
              "examples": [],
              "request": {
                "url": "http://localhost:3003/api/certificates/batch-issue",
                "method": "POST",
                "headers": [],
                "params": [],
                "body": {
                  "mode": "json",
                  "json": "{\n  \"certificates\": [\n    {\n      \"studentName\": \"John\",\n      \"studentEmail\": \"john@example.com\",\n      \"courseName\": \"B.Tech\",\n      \"grade\": \"A\",\n      \"cgpa\": 9.0,\n      \"issueDate\": \"2025-11-21\"\n    },\n    {\n      \"studentName\": \"\",\n      \"studentEmail\": \"invalid-email\",\n      \"courseName\": \"\",\n      \"grade\": \"\",\n      \"cgpa\": 15,\n      \"issueDate\": \"\"\n    }\n  ]\n}\n",
                  "formUrlEncoded": [],
                  "multipartForm": [],
                  "file": []
                },
                "script": {},
                "vars": {},
                "assertions": [],
                "tests": "",
                "docs": "",
                "auth": {
                  "mode": "none"
                }
              }
            },
            {
              "type": "http",
              "name": "batch-issue-certificate-minimal-req",
              "filename": "batch-issue-certificate-minimal-req.bru",
              "seq": 2,
              "settings": {},
              "tags": [],
              "examples": [],
              "request": {
                "url": "http://localhost:3003/api/certificates/batch-issue",
                "method": "POST",
                "headers": [],
                "params": [],
                "body": {
                  "mode": "json",
                  "json": "{\n  \"certificates\": [\n    {\n      \"studentName\": \"Alice\",\n      \"studentEmail\": \"alice@example.com\",\n      \"courseName\": \"B.Tech\",\n      \"grade\": \"A\",\n      \"cgpa\": 8.5,\n      \"issueDate\": \"2025-11-21\"\n    }\n  ]\n}\n",
                  "formUrlEncoded": [],
                  "multipartForm": [],
                  "file": []
                },
                "script": {},
                "vars": {},
                "assertions": [],
                "tests": "",
                "docs": "",
                "auth": {
                  "mode": "none"
                }
              }
            },
            {
              "type": "http",
              "name": "batch-issue-certificate",
              "filename": "batch-issue-certificate.bru",
              "seq": 1,
              "settings": {},
              "tags": [],
              "examples": [],
              "request": {
                "url": "http://localhost:3003/api/certificates/batch-issue",
                "method": "POST",
                "headers": [],
                "params": [],
                "body": {
                  "mode": "json",
                  "json": "{\n  \"certificates\": [\n    {\n      \"studentName\": \"John Doe\",\n      \"studentEmail\": \"john.doe@example.com\",\n      \"courseName\": \"Bachelor of Computer Science\",\n      \"specialization\": \"Artificial Intelligence\",\n      \"grade\": \"A+\",\n      \"cgpa\": 9.2,\n      \"issueDate\": \"2025-11-20\",\n      \"completionDate\": \"2025-10-15\"\n    },\n    {\n      \"studentName\": \"Jane Smith\",\n      \"studentEmail\": \"jane.smith@example.com\",\n      \"courseName\": \"Master of Business Administration\",\n      \"specialization\": \"Finance\",\n      \"grade\": \"A\",\n      \"cgpa\": 8.7,\n      \"issueDate\": \"2025-11-21\",\n      \"completionDate\": \"2025-10-20\"\n    }\n  ]\n}\n",
                  "formUrlEncoded": [],
                  "multipartForm": [],
                  "file": []
                },
                "script": {},
                "vars": {},
                "assertions": [],
                "tests": "",
                "docs": "",
                "auth": {
                  "mode": "none"
                }
              }
            }
          ]
        }
      ]
    }
  ],
  "environments": [],
  "brunoConfig": {
    "version": "1",
    "name": "API-Project",
    "type": "collection",
    "ignore": [
      "node_modules",
      ".git"
    ]
  }
}