{
  "name": "StudentCert Auth Service",
  "version": "1",
  "items": [
    {
      "type": "folder",
      "name": "Admin users",
      "filename": "Admin users",
      "examples": [],
      "items": [
        {
          "type": "http",
          "name": "Activate User",
          "filename": "Activate User.bru",
          "seq": 6,
          "settings": {},
          "tags": [],
          "examples": [],
          "request": {
            "url": "{{base_url}}/api/admin/users/2/deactivate",
            "method": "PUT",
            "headers": [],
            "params": [],
            "body": {
              "mode": "json",
              "json": "{\n  \"fullName\": \"Updated Name\",\n  \"phone\": \"8888888888\",\n  \"isVerified\": true,\n  \"isActive\": true,\n  \"role\": \"STUDENT\"\n}",
              "formUrlEncoded": [],
              "multipartForm": [],
              "file": []
            },
            "script": {},
            "vars": {},
            "assertions": [],
            "tests": "",
            "docs": "",
            "auth": {
              "mode": "bearer",
              "bearer": {
                "token": "{{admin_token}}"
              }
            }
          }
        },
        {
          "type": "http",
          "name": "Deactivate User",
          "filename": "Deactivate User.bru",
          "seq": 7,
          "settings": {},
          "tags": [],
          "examples": [],
          "request": {
            "url": "{{base_url}}/api/admin/users/2/deactivate",
            "method": "PUT",
            "headers": [],
            "params": [],
            "body": {
              "mode": "json",
              "json": "{\n  \"fullName\": \"Updated Name\",\n  \"phone\": \"8888888888\",\n  \"isVerified\": true,\n  \"isActive\": true,\n  \"role\": \"STUDENT\"\n}",
              "formUrlEncoded": [],
              "multipartForm": [],
              "file": []
            },
            "script": {},
            "vars": {},
            "assertions": [],
            "tests": "",
            "docs": "",
            "auth": {
              "mode": "bearer",
              "bearer": {
                "token": "{{admin_token}}"
              }
            }
          }
        },
        {
          "type": "http",
          "name": "Delete User",
          "filename": "Delete User.bru",
          "seq": 4,
          "settings": {},
          "tags": [],
          "examples": [],
          "request": {
            "url": "{{base_url}}/api/admin/users/1",
            "method": "DELETE",
            "headers": [],
            "params": [],
            "body": {
              "mode": "json",
              "json": "{\n  \"fullName\": \"Updated Name\",\n  \"phone\": \"8888888888\",\n  \"isVerified\": true,\n  \"isActive\": true,\n  \"role\": \"STUDENT\"\n}",
              "formUrlEncoded": [],
              "multipartForm": [],
              "file": []
            },
            "script": {},
            "vars": {},
            "assertions": [],
            "tests": "",
            "docs": "",
            "auth": {
              "mode": "bearer",
              "bearer": {
                "token": "{{admin_token}}"
              }
            }
          }
        },
        {
          "type": "http",
          "name": "Get Users by Id",
          "filename": "Get Users by Id.bru",
          "seq": 2,
          "settings": {},
          "tags": [],
          "examples": [],
          "request": {
            "url": "{{base_url}}/api/admin/users/2",
            "method": "GET",
            "headers": [],
            "params": [],
            "body": {
              "mode": "none",
              "formUrlEncoded": [],
              "multipartForm": [],
              "file": []
            },
            "script": {},
            "vars": {},
            "assertions": [],
            "tests": "",
            "docs": "",
            "auth": {
              "mode": "bearer",
              "bearer": {
                "token": "{{admin_token}}"
              }
            }
          }
        },
        {
          "type": "http",
          "name": "Get Users",
          "filename": "Get Users.bru",
          "seq": 1,
          "settings": {},
          "tags": [],
          "examples": [],
          "request": {
            "url": "{{base_url}}/api/admin/users?page=0&size=20",
            "method": "GET",
            "headers": [],
            "params": [
              {
                "name": "page",
                "value": "0",
                "type": "query",
                "enabled": true
              },
              {
                "name": "size",
                "value": "20",
                "type": "query",
                "enabled": true
              }
            ],
            "body": {
              "mode": "none",
              "formUrlEncoded": [],
              "multipartForm": [],
              "file": []
            },
            "script": {},
            "vars": {},
            "assertions": [],
            "tests": "",
            "docs": "",
            "auth": {
              "mode": "bearer",
              "bearer": {
                "token": "{{admin_token}}"
              }
            }
          }
        },
        {
          "type": "http",
          "name": "Update User",
          "filename": "Update User.bru",
          "seq": 3,
          "settings": {},
          "tags": [],
          "examples": [],
          "request": {
            "url": "{{base_url}}/api/admin/users/1",
            "method": "GET",
            "headers": [],
            "params": [],
            "body": {
              "mode": "json",
              "json": "{\n  \"fullName\": \"Updated Name\",\n  \"phone\": \"8888888888\",\n  \"isVerified\": true,\n  \"isActive\": true,\n  \"role\": \"STUDENT\"\n}",
              "formUrlEncoded": [],
              "multipartForm": [],
              "file": []
            },
            "script": {},
            "vars": {},
            "assertions": [],
            "tests": "",
            "docs": "",
            "auth": {
              "mode": "bearer",
              "bearer": {
                "token": "{{admin_token}}"
              }
            }
          }
        },
        {
          "type": "http",
          "name": "Verify User",
          "filename": "Verify User.bru",
          "seq": 5,
          "settings": {},
          "tags": [],
          "examples": [],
          "request": {
            "url": "{{base_url}}/api/admin/users/2/verify",
            "method": "PUT",
            "headers": [],
            "params": [],
            "body": {
              "mode": "json",
              "json": "{\n  \"fullName\": \"Updated Name\",\n  \"phone\": \"8888888888\",\n  \"isVerified\": true,\n  \"isActive\": true,\n  \"role\": \"STUDENT\"\n}",
              "formUrlEncoded": [],
              "multipartForm": [],
              "file": []
            },
            "script": {},
            "vars": {},
            "assertions": [],
            "tests": "",
            "docs": "",
            "auth": {
              "mode": "bearer",
              "bearer": {
                "token": "{{admin_token}}"
              }
            }
          }
        }
      ]
    },
    {
      "type": "folder",
      "name": "Auth",
      "filename": "Auth",
      "examples": [],
      "items": [
        {
          "type": "http",
          "name": "Login",
          "filename": "Login.bru",
          "seq": 1,
          "settings": {},
          "tags": [],
          "examples": [],
          "request": {
            "url": "{{base_url}}/api/auth/login",
            "method": "POST",
            "headers": [],
            "params": [],
            "body": {
              "mode": "json",
              "json": "{\n  \"email\": \"admin@studentcert.com\",\n  \"password\": \"admin123\"\n}",
              "formUrlEncoded": [],
              "multipartForm": [],
              "file": []
            },
            "script": {},
            "vars": {},
            "assertions": [],
            "tests": "",
            "docs": "",
            "auth": {
              "mode": "none"
            }
          }
        },
        {
          "type": "http",
          "name": "Logout",
          "filename": "Logout.bru",
          "seq": 2,
          "settings": {},
          "tags": [],
          "examples": [],
          "request": {
            "url": "{{base_url}}/api/auth/logout",
            "method": "POST",
            "headers": [],
            "params": [],
            "body": {
              "mode": "none",
              "formUrlEncoded": [],
              "multipartForm": [],
              "file": []
            },
            "script": {},
            "vars": {},
            "assertions": [],
            "tests": "",
            "docs": "",
            "auth": {
              "mode": "bearer",
              "bearer": {
                "token": "{{token}}"
              }
            }
          }
        },
        {
          "type": "http",
          "name": "Me",
          "filename": "Me.bru",
          "seq": 4,
          "settings": {},
          "tags": [],
          "examples": [],
          "request": {
            "url": "{{base_url}}/api/auth/me",
            "method": "GET",
            "headers": [],
            "params": [],
            "body": {
              "mode": "none",
              "formUrlEncoded": [],
              "multipartForm": [],
              "file": []
            },
            "script": {},
            "vars": {},
            "assertions": [],
            "tests": "",
            "docs": "",
            "auth": {
              "mode": "bearer",
              "bearer": {
                "token": "{{token}}"
              }
            }
          }
        },
        {
          "type": "http",
          "name": "Register",
          "filename": "Register.bru",
          "seq": 2,
          "settings": {},
          "tags": [],
          "examples": [],
          "request": {
            "url": "{{base_url}}/api/auth/register",
            "method": "POST",
            "headers": [],
            "params": [],
            "body": {
              "mode": "json",
              "json": "{\n  \"email\": \"student1@example.com\",\n  \"password\": \"password123\",\n  \"fullName\": \"Student One\",\n  \"role\": \"STUDENT\",\n  \"phone\": \"9999999999\",\n  \"universityId\": \"UNI001\",\n  \"studentId\": \"STU001\",\n  \"universityUid\": \"UNI-UID-123\"\n}",
              "formUrlEncoded": [],
              "multipartForm": [],
              "file": []
            },
            "script": {},
            "vars": {},
            "assertions": [],
            "tests": "",
            "docs": "",
            "auth": {
              "mode": "none"
            }
          }
        }
      ]
    },
    {
      "type": "folder",
      "name": "Users",
      "filename": "Users",
      "examples": [],
      "items": [
        {
          "type": "http",
          "name": "Health Check",
          "filename": "Health Check.bru",
          "seq": 3,
          "settings": {},
          "tags": [],
          "examples": [],
          "request": {
            "url": "{{base_url}}/api/health",
            "method": "GET",
            "headers": [],
            "params": [],
            "body": {
              "mode": "none",
              "formUrlEncoded": [],
              "multipartForm": [],
              "file": []
            },
            "script": {},
            "vars": {},
            "assertions": [],
            "tests": "",
            "docs": "",
            "auth": {
              "mode": "none"
            }
          }
        },
        {
          "type": "http",
          "name": "Universities List",
          "filename": "Universities List.bru",
          "seq": 2,
          "settings": {},
          "tags": [],
          "examples": [],
          "request": {
            "url": "{{base_url}}/api/users/universities",
            "method": "GET",
            "headers": [],
            "params": [],
            "body": {
              "mode": "none",
              "formUrlEncoded": [],
              "multipartForm": [],
              "file": []
            },
            "script": {},
            "vars": {},
            "assertions": [],
            "tests": "",
            "docs": "",
            "auth": {
              "mode": "none"
            }
          }
        },
        {
          "type": "http",
          "name": "Users List",
          "filename": "Users List.bru",
          "seq": 1,
          "settings": {},
          "tags": [],
          "examples": [],
          "request": {
            "url": "{{base_url}}/api/users?page=0&size=20",
            "method": "GET",
            "headers": [],
            "params": [
              {
                "name": "page",
                "value": "0",
                "type": "query",
                "enabled": true
              },
              {
                "name": "size",
                "value": "20",
                "type": "query",
                "enabled": true
              }
            ],
            "body": {
              "mode": "none",
              "formUrlEncoded": [],
              "multipartForm": [],
              "file": []
            },
            "script": {},
            "vars": {},
            "assertions": [],
            "tests": "",
            "docs": "",
            "auth": {
              "mode": "bearer",
              "bearer": {
                "token": "{{admin_or_university_token}}"
              }
            }
          }
        }
      ]
    }
  ],
  "activeEnvironmentUid": "mihf28KVUqo3uUFmhpsMq",
  "environments": [
    {
      "variables": [
        {
          "name": "base_url",
          "value": "http://localhost:8081",
          "enabled": true,
          "secret": false,
          "type": "text"
        },
        {
          "name": "token",
          "value": "eyJhbGciOiJIUzI1NiJ9.eyJyb2xlIjoiQURNSU4iLCJmdWxsTmFtZSI6IlVzZXIiLCJ1c2VySWQiOjEsInN1YiI6ImFkbWluQHN0dWRlbnRjZXJ0LmNvbSIsImlhdCI6MTc2Mzc4OTM1MCwiZXhwIjoxNzYzODc1NzUwfQ.AMSkDMSoZN-d_MIbiQ82gYcJZ9HyD7Y2Vvxo8JYkQBI",
          "enabled": true,
          "secret": false,
          "type": "text"
        },
        {
          "name": "admin_token",
          "value": "eyJhbGciOiJIUzI1NiJ9.eyJyb2xlIjoiQURNSU4iLCJmdWxsTmFtZSI6IlVzZXIiLCJ1c2VySWQiOjEsInN1YiI6ImFkbWluQHN0dWRlbnRjZXJ0LmNvbSIsImlhdCI6MTc2Mzc4OTM1MCwiZXhwIjoxNzYzODc1NzUwfQ.AMSkDMSoZN-d_MIbiQ82gYcJZ9HyD7Y2Vvxo8JYkQBI",
          "enabled": true,
          "secret": false,
          "type": "text"
        },
        {
          "name": "admin_or_university_token",
          "value": "eyJhbGciOiJIUzI1NiJ9.eyJyb2xlIjoiQURNSU4iLCJmdWxsTmFtZSI6IlVzZXIiLCJ1c2VySWQiOjEsInN1YiI6ImFkbWluQHN0dWRlbnRjZXJ0LmNvbSIsImlhdCI6MTc2Mzc4OTM1MCwiZXhwIjoxNzYzODc1NzUwfQ.AMSkDMSoZN-d_MIbiQ82gYcJZ9HyD7Y2Vvxo8JYkQBI",
          "enabled": true,
          "secret": false,
          "type": "text"
        }
      ],
      "name": "local"
    }
  ],
  "brunoConfig": {
    "version": "1",
    "name": "StudentCert Auth Service",
    "type": "collection",
    "ignore": [
      "node_modules",
      ".git"
    ]
  }
}