{
  "name": "University-Collection",
  "version": "1",
  "items": [
    {
      "type": "http",
      "name": "Create University",
      "filename": "Create University.bru",
      "seq": 2,
      "settings": {},
      "tags": [],
      "examples": [],
      "request": {
        "url": "http://localhost:3002/api/universities",
        "method": "POST",
        "headers": [],
        "params": [],
        "body": {
          "mode": "json",
          "json": "{\n  \"universityName\": \"ABC University\",\n  \"email\": \"admin@abcuniversity.edu\",\n  \"address\": \"123 University Street, City\",\n  \"phone\": \"+1-555-123-4567\"\n}",
          "formUrlEncoded": [],
          "multipartForm": [],
          "file": []
        },
        "script": {},
        "vars": {},
        "assertions": [],
        "tests": "",
        "docs": "",
        "auth": {
          "mode": "none"
        }
      }
    },
    {
      "type": "http",
      "name": "Delete university",
      "filename": "Delete university.bru",
      "seq": 6,
      "settings": {},
      "tags": [],
      "examples": [],
      "request": {
        "url": "http://localhost:3002/api/universities/{id}",
        "method": "GET",
        "headers": [],
        "params": [],
        "body": {
          "mode": "none",
          "formUrlEncoded": [],
          "multipartForm": [],
          "file": []
        },
        "script": {},
        "vars": {},
        "assertions": [],
        "tests": "",
        "docs": "",
        "auth": {
          "mode": "none"
        }
      }
    },
    {
      "type": "http",
      "name": "Get university by ID",
      "filename": "Get university by ID.bru",
      "seq": 4,
      "settings": {},
      "tags": [],
      "examples": [],
      "request": {
        "url": "http://localhost:3002/api/universities/4b9d8ba8-f4cd-40ef-b13f-47f4db21e8af",
        "method": "GET",
        "headers": [],
        "params": [],
        "body": {
          "mode": "none",
          "formUrlEncoded": [],
          "multipartForm": [],
          "file": []
        },
        "script": {},
        "vars": {},
        "assertions": [],
        "tests": "",
        "docs": "",
        "auth": {
          "mode": "none"
        }
      }
    },
    {
      "type": "http",
      "name": "Get university public key",
      "filename": "Get university public key.bru",
      "seq": 8,
      "settings": {},
      "tags": [],
      "examples": [],
      "request": {
        "url": "http://localhost:3002/api/universities/4b9d8ba8-f4cd-40ef-b13f-47f4db21e8af/public-key",
        "method": "GET",
        "headers": [],
        "params": [],
        "body": {
          "mode": "none",
          "formUrlEncoded": [],
          "multipartForm": [],
          "file": []
        },
        "script": {},
        "vars": {},
        "assertions": [],
        "tests": "",
        "docs": "",
        "auth": {
          "mode": "none"
        }
      }
    },
    {
      "type": "http",
      "name": "List universities",
      "filename": "List universities.bru",
      "seq": 3,
      "settings": {},
      "tags": [],
      "examples": [],
      "request": {
        "url": "http://localhost:3002/api/universities",
        "method": "GET",
        "headers": [],
        "params": [],
        "body": {
          "mode": "none",
          "formUrlEncoded": [],
          "multipartForm": [],
          "file": []
        },
        "script": {},
        "vars": {},
        "assertions": [],
        "tests": "",
        "docs": "",
        "auth": {
          "mode": "none"
        }
      }
    },
    {
      "type": "http",
      "name": "Verify university",
      "filename": "Verify university.bru",
      "seq": 7,
      "settings": {},
      "tags": [],
      "examples": [],
      "request": {
        "url": "http://localhost:3002/api/universities/4b9d8ba8-f4cd-40ef-b13f-47f4db21e8af/verify",
        "method": "POST",
        "headers": [],
        "params": [],
        "body": {
          "mode": "none",
          "formUrlEncoded": [],
          "multipartForm": [],
          "file": []
        },
        "script": {},
        "vars": {},
        "assertions": [],
        "tests": "",
        "docs": "",
        "auth": {
          "mode": "none"
        }
      }
    },
    {
      "type": "http",
      "name": "Update university",
      "filename": "Update university.bru",
      "seq": 5,
      "settings": {},
      "tags": [],
      "examples": [],
      "request": {
        "url": "http://localhost:3002/api/universities/4b9d8ba8-f4cd-40ef-b13f-47f4db21e8af",
        "method": "PUT",
        "headers": [],
        "params": [],
        "body": {
          "mode": "json",
          "json": "{\n  \"universityName\": \"ABC Global University\",\n  \"address\": \"456 Innovation Park, New City\",\n  \"email\" : \"sai@gmail.com\"\n}\n",
          "formUrlEncoded": [],
          "multipartForm": [],
          "file": []
        },
        "script": {},
        "vars": {},
        "assertions": [],
        "tests": "",
        "docs": "",
        "auth": {
          "mode": "none"
        }
      }
    }
  ],
  "environments": [],
  "brunoConfig": {
    "version": "1",
    "name": "University-Collection",
    "type": "collection",
    "ignore": [
      "node_modules",
      ".git"
    ]
  }
}