{
  "name": "verification-service",
  "version": "1",
  "items": [
    {
      "type": "http",
      "name": "Health Check",
      "filename": "Health Check.bru",
      "seq": 1,
      "settings": {
        "encodeUrl": true,
        "timeout": 0
      },
      "tags": [],
      "examples": [],
      "request": {
        "url": "http://localhost:3004/health",
        "method": "GET",
        "headers": [],
        "params": [],
        "body": {
          "mode": "none",
          "formUrlEncoded": [],
          "multipartForm": [],
          "file": []
        },
        "script": {},
        "vars": {},
        "assertions": [],
        "tests": "",
        "docs": "",
        "auth": {
          "mode": "inherit"
        }
      }
    },
    {
      "type": "http",
      "name": "Root Endpoint",
      "filename": "Root Endpoint.bru",
      "seq": 2,
      "settings": {
        "encodeUrl": true,
        "timeout": 0
      },
      "tags": [],
      "examples": [],
      "request": {
        "url": "http://localhost:3004/",
        "method": "GET",
        "headers": [],
        "params": [],
        "body": {
          "mode": "none",
          "formUrlEncoded": [],
          "multipartForm": [],
          "file": []
        },
        "script": {},
        "vars": {},
        "assertions": [],
        "tests": "",
        "docs": "",
        "auth": {
          "mode": "inherit"
        }
      }
    },
    {
      "type": "http",
      "name": "Verify by Certificate Number",
      "filename": "Verify by Certificate Number.bru",
      "seq": 3,
      "settings": {
        "encodeUrl": true,
        "timeout": 0
      },
      "tags": [],
      "examples": [],
      "request": {
        "url": "http://localhost:3004/api/verify/268D557E",
        "method": "GET",
        "headers": [],
        "params": [],
        "body": {
          "mode": "none",
          "formUrlEncoded": [],
          "multipartForm": [],
          "file": []
        },
        "script": {},
        "vars": {},
        "assertions": [],
        "tests": "",
        "docs": "",
        "auth": {
          "mode": "inherit"
        }
      }
    },
    {
      "type": "http",
      "name": "Verify Certificate",
      "filename": "Verify Certificate.bru",
      "seq": 5,
      "settings": {
        "encodeUrl": true,
        "timeout": 0
      },
      "tags": [],
      "examples": [],
      "request": {
        "url": "http://localhost:3004/api/verify",
        "method": "POST",
        "headers": [
          {
            "name": "Content-Type",
            "value": "application/json",
            "enabled": true
          }
        ],
        "params": [],
        "body": {
          "mode": "json",
          "json": "{ \"certificateNumber\": \"268D557E\" }\n",
          "formUrlEncoded": [],
          "multipartForm": [],
          "file": []
        },
        "script": {},
        "vars": {},
        "assertions": [],
        "tests": "",
        "docs": "",
        "auth": {
          "mode": "inherit"
        }
      }
    },
    {
      "type": "http",
      "name": "Bulk Verification",
      "filename": "Bulk Verification.bru",
      "seq": 6,
      "settings": {
        "encodeUrl": true,
        "timeout": 0
      },
      "tags": [],
      "examples": [],
      "request": {
        "url": "http://localhost:3004/api/verify/bulk",
        "method": "POST",
        "headers": [
          {
            "name": "Content-Type",
            "value": "application/json",
            "enabled": true
          }
        ],
        "params": [],
        "body": {
          "mode": "json",
          "json": "{\n  \"certificates\": [\n    { \"certificateNumber\": \"268D557E\" },\n    { \"certificateNumber\": \"7A63831D\" }\n  ]\n}",
          "formUrlEncoded": [],
          "multipartForm": [],
          "file": []
        },
        "script": {},
        "vars": {},
        "assertions": [],
        "tests": "",
        "docs": "",
        "auth": {
          "mode": "inherit"
        }
      }
    }
  ],
  "environments": [],
  "brunoConfig": {
    "version": "1",
    "name": "verification-service",
    "type": "collection",
    "ignore": [
      "node_modules",
      ".git"
    ],
    "size": 0,
    "filesCount": 0,
    "presets": {
      "requestType": "http",
      "requestUrl": "http://localhost:3004"
    }
  }
}